,CRM,ACUSTOMER NAME,INVOICE NUMBER,INVOICE DATE,EXPECTED DATE,DELIVERY DATE,DELAY,ROUTE,DISTANCE,VEHICLE
0,CRM005,Ahmed shop,INV10004,1/1/23,2023-01-02,2023-01-03,1,Donholm,20,KCA001
1,CRM005,Ahmed shop,INV10010,1/2/23,2023-01-03,2023-01-05,2,Donholm,20,KCA001
2,CRM005,Ahmed shop,INV10024,1/3/23,2023-01-04,2023-01-05,1,Donholm,20,KCA001
3,CRM005,Ahmed shop,INV10034,1/4/23,2023-01-05,2023-01-05,0,Donholm,20,KCA001
4,CRM005,Ahmed shop,INV10044,1/5/23,2023-01-06,2023-01-07,1,Donholm,20,KCA001
5,CRM005,Ahmed shop,INV10054,1/6/23,2023-01-07,2023-01-07,0,Donholm,20,KCA001
6,CRM005,Ahmed shop,INV10064,1/8/23,2023-01-09,2023-01-10,1,Donholm,20,KCA001
7,CRM005,Ahmed shop,INV10074,1/9/23,2023-01-10,2023-01-10,0,Donholm,20,KCA001
8,CRM005,Ahmed shop,INV10084,1/10/23,2023-01-11,2023-01-11,0,Donholm,20,KCA001
9,CRM005,Ahmed shop,INV10094,1/11/23,2023-01-12,2023-01-13,1,Donholm,20,KCA001
10,CRM005,Ahmed shop,INV10101,1/12/23,2023-01-13,2023-01-13,0,Donholm,20,KCA001
11,CRM005,Ahmed shop,INV10111,1/13/23,2023-01-14,2023-01-14,0,Donholm,20,KCA001
12,CRM005,Ahmed shop,INV10121,1/15/23,2023-01-16,2023-01-17,1,Donholm,20,KCA001
13,CRM005,Ahmed shop,INV10131,1/16/23,2023-01-17,2023-01-17,0,Donholm,20,KCA001
14,CRM005,Ahmed shop,INV10141,1/17/23,2023-01-18,2023-01-19,1,Donholm,20,KCA001
15,CRM005,Ahmed shop,INV10151,1/18/23,2023-01-19,2023-01-19,0,Donholm,20,KCA001
16,CRM005,Ahmed shop,INV10161,1/19/23,2023-01-20,2023-01-20,0,Donholm,20,KCA001
17,CRM005,Ahmed shop,INV10171,1/20/23,2023-01-21,2023-01-22,1,Donholm,20,KCA001
18,CRM005,Ahmed shop,INV10181,1/22/23,2023-01-23,2023-01-23,0,Donholm,20,KCA001
19,CRM005,Ahmed shop,INV10191,1/23/23,2023-01-24,2023-01-25,1,Donholm,20,KCA001
20,CRM005,Ahmed shop,INV10201,1/24/23,2023-01-25,2023-01-25,0,Donholm,20,KCA001
21,CRM005,Ahmed shop,INV10212,1/25/23,2023-01-26,2023-01-28,2,Donholm,20,KCA001
22,CRM005,Ahmed shop,INV10222,1/26/23,2023-01-27,2023-01-28,1,Donholm,20,KCA001
23,CRM005,Ahmed shop,INV10232,1/27/23,2023-01-28,2023-01-28,0,Donholm,20,KCA001
24,CRM005,Ahmed shop,INV10242,1/29/23,2023-01-30,2023-01-31,1,Donholm,20,KCA001
25,CRM005,Ahmed shop,INV10252,1/30/23,2023-01-31,2023-01-31,0,Donholm,20,KCA001
26,CRM005,Ahmed shop,INV10262,1/31/23,2023-02-01,2023-02-01,0,Donholm,20,KCA001
27,CRM009,Alhamdu shop,INV10008,1/1/23,2023-01-02,2023-01-03,1,Eastleigh,15,KCA002
28,CRM009,Alhamdu shop,INV10017,1/2/23,2023-01-03,2023-01-03,0,Eastleigh,15,KCA002
29,CRM009,Alhamdu shop,INV10028,1/3/23,2023-01-04,2023-01-04,0,Eastleigh,15,KCA002
30,CRM009,Alhamdu shop,INV10038,1/4/23,2023-01-05,2023-01-05,0,Eastleigh,15,KCA002
31,CRM009,Alhamdu shop,INV10048,1/5/23,2023-01-06,2023-01-07,1,Eastleigh,15,KCA002
32,CRM009,Alhamdu shop,INV10058,1/6/23,2023-01-07,2023-01-07,0,Eastleigh,15,KCA002
33,CRM009,Alhamdu shop,INV10068,1/8/23,2023-01-09,2023-01-09,0,Eastleigh,15,KCA002
34,CRM009,Alhamdu shop,INV10078,1/9/23,2023-01-10,2023-01-10,0,Eastleigh,15,KCA002
35,CRM009,Alhamdu shop,INV10088,1/10/23,2023-01-11,2023-01-11,0,Eastleigh,15,KCA002
36,CRM009,Alhamdu shop,INV10098,1/11/23,2023-01-12,2023-01-13,1,Eastleigh,15,KCA002
37,CRM009,Alhamdu shop,INV10108,1/12/23,2023-01-13,2023-01-13,0,Eastleigh,15,KCA002
38,CRM009,Alhamdu shop,INV10118,1/13/23,2023-01-14,2023-01-16,2,Eastleigh,15,KCA002
39,CRM009,Alhamdu shop,INV10128,1/15/23,2023-01-16,2023-01-16,0,Eastleigh,15,KCA002
40,CRM009,Alhamdu shop,INV10138,1/16/23,2023-01-17,2023-01-18,1,Eastleigh,15,KCA002
41,CRM009,Alhamdu shop,INV10148,1/17/23,2023-01-18,2023-01-18,0,Eastleigh,15,KCA002
42,CRM009,Alhamdu shop,INV10158,1/18/23,2023-01-19,2023-01-20,1,Eastleigh,15,KCA002
43,CRM009,Alhamdu shop,INV10168,1/19/23,2023-01-20,2023-01-20,0,Eastleigh,15,KCA002
44,CRM009,Alhamdu shop,INV10178,1/20/23,2023-01-21,2023-01-23,2,Eastleigh,15,KCA002
45,CRM009,Alhamdu shop,INV10188,1/22/23,2023-01-23,2023-01-23,0,Eastleigh,15,KCA002
46,CRM009,Alhamdu shop,INV10198,1/23/23,2023-01-24,2023-01-24,0,Eastleigh,15,KCA002
47,CRM009,Alhamdu shop,INV10208,1/24/23,2023-01-25,2023-01-26,1,Eastleigh,15,KCA002
48,CRM009,Alhamdu shop,INV10219,1/25/23,2023-01-26,2023-01-26,0,Eastleigh,15,KCA002
49,CRM009,Alhamdu shop,INV10229,1/26/23,2023-01-27,2023-01-28,1,Eastleigh,15,KCA002
50,CRM009,Alhamdu shop,INV10239,1/27/23,2023-01-28,2023-01-28,0,Eastleigh,15,KCA002
51,CRM009,Alhamdu shop,INV10249,1/29/23,2023-01-30,2023-01-30,0,Eastleigh,15,KCA002
52,CRM009,Alhamdu shop,INV10259,1/30/23,2023-01-31,2023-02-01,1,Eastleigh,15,KCA002
53,CRM009,Alhamdu shop,INV10269,1/31/23,2023-02-01,2023-02-01,0,Eastleigh,15,KCA002
54,CRM007,Emily shop,INV10006,1/1/23,2023-01-02,2023-01-02,0,Eastleigh,17,KCA003
55,CRM007,Emily shop,INV10012,1/2/23,2023-01-03,2023-01-03,0,Eastleigh,17,KCA003
56,CRM007,Emily shop,INV10026,1/3/23,2023-01-04,2023-01-04,0,Eastleigh,17,KCA003
57,CRM007,Emily shop,INV10036,1/4/23,2023-01-05,2023-01-05,0,Eastleigh,17,KCA003
58,CRM007,Emily shop,INV10046,1/5/23,2023-01-06,2023-01-06,0,Eastleigh,17,KCA003
59,CRM007,Emily shop,INV10056,1/6/23,2023-01-07,2023-01-07,0,Eastleigh,17,KCA003
60,CRM007,Emily shop,INV10066,1/8/23,2023-01-09,2023-01-09,0,Eastleigh,17,KCA003
61,CRM007,Emily shop,INV10076,1/9/23,2023-01-10,2023-01-12,2,Eastleigh,17,KCA003
62,CRM007,Emily shop,INV10086,1/10/23,2023-01-11,2023-01-12,1,Eastleigh,17,KCA003
63,CRM007,Emily shop,INV10096,1/11/23,2023-01-12,2023-01-12,0,Eastleigh,17,KCA003
64,CRM007,Emily shop,INV10100,1/12/23,2023-01-13,2023-01-13,0,Eastleigh,17,KCA003
65,CRM007,Emily shop,INV10103,1/12/23,2023-01-13,2023-01-13,0,Eastleigh,17,KCA003
66,CRM007,Emily shop,INV10113,1/13/23,2023-01-14,2023-01-14,0,Eastleigh,17,KCA003
67,CRM007,Emily shop,INV10123,1/15/23,2023-01-16,2023-01-16,0,Eastleigh,17,KCA003
68,CRM007,Emily shop,INV10133,1/16/23,2023-01-17,2023-01-17,0,Eastleigh,17,KCA003
69,CRM007,Emily shop,INV10143,1/17/23,2023-01-18,2023-01-19,1,Eastleigh,17,KCA003
70,CRM007,Emily shop,INV10153,1/18/23,2023-01-19,2023-01-19,0,Eastleigh,17,KCA003
71,CRM007,Emily shop,INV10163,1/19/23,2023-01-20,2023-01-20,0,Eastleigh,17,KCA003
72,CRM007,Emily shop,INV10173,1/20/23,2023-01-21,2023-01-21,0,Eastleigh,17,KCA003
73,CRM007,Emily shop,INV10183,1/22/23,2023-01-23,2023-01-24,1,Eastleigh,17,KCA003
74,CRM007,Emily shop,INV10193,1/23/23,2023-01-24,2023-01-24,0,Eastleigh,17,KCA003
75,CRM007,Emily shop,INV10203,1/24/23,2023-01-25,2023-01-25,0,Eastleigh,17,KCA003
76,CRM007,Emily shop,INV10214,1/25/23,2023-01-26,2023-01-27,1,Eastleigh,17,KCA003
77,CRM007,Emily shop,INV10224,1/26/23,2023-01-27,2023-01-27,0,Eastleigh,17,KCA003
78,CRM007,Emily shop,INV10234,1/27/23,2023-01-28,2023-01-28,0,Eastleigh,17,KCA003
79,CRM007,Emily shop,INV10244,1/29/23,2023-01-30,2023-01-31,1,Eastleigh,17,KCA003
80,CRM007,Emily shop,INV10254,1/30/23,2023-01-31,2023-01-31,0,Eastleigh,17,KCA003
81,CRM007,Emily shop,INV10264,1/31/23,2023-02-01,2023-02-01,0,Eastleigh,17,KCA003
82,CRM008,Grace shop,INV10007,1/1/23,2023-01-02,2023-01-02,0,Umoja,19,KCA004
83,CRM008,Grace shop,INV10014,1/2/23,2023-01-03,2023-01-03,0,Umoja,19,KCA004
84,CRM008,Grace shop,INV10027,1/3/23,2023-01-04,2023-01-05,1,Umoja,19,KCA004
85,CRM008,Grace shop,INV10037,1/4/23,2023-01-05,2023-01-05,0,Umoja,19,KCA004
86,CRM008,Grace shop,INV10047,1/5/23,2023-01-06,2023-01-06,0,Umoja,19,KCA004
87,CRM008,Grace shop,INV10057,1/6/23,2023-01-07,2023-01-07,0,Umoja,19,KCA004
88,CRM008,Grace shop,INV10067,1/8/23,2023-01-09,2023-01-09,0,Umoja,19,KCA004
89,CRM008,Grace shop,INV10077,1/9/23,2023-01-10,2023-01-11,1,Umoja,19,KCA004
90,CRM008,Grace shop,INV10087,1/10/23,2023-01-11,2023-01-11,0,Umoja,19,KCA004
91,CRM008,Grace shop,INV10097,1/11/23,2023-01-12,2023-01-12,0,Umoja,19,KCA004
92,CRM008,Grace shop,INV10105,1/12/23,2023-01-13,2023-01-14,1,Umoja,19,KCA004
93,CRM008,Grace shop,INV10115,1/13/23,2023-01-14,2023-01-14,0,Umoja,19,KCA004
94,CRM008,Grace shop,INV10125,1/15/23,2023-01-16,2023-01-16,0,Umoja,19,KCA004
95,CRM008,Grace shop,INV10135,1/16/23,2023-01-17,2023-01-17,0,Umoja,19,KCA004
96,CRM008,Grace shop,INV10145,1/17/23,2023-01-18,2023-01-18,0,Umoja,19,KCA004
97,CRM008,Grace shop,INV10155,1/18/23,2023-01-19,2023-01-20,1,Umoja,19,KCA004
98,CRM008,Grace shop,INV10165,1/19/23,2023-01-20,2023-01-20,0,Umoja,19,KCA004
99,CRM008,Grace shop,INV10175,1/20/23,2023-01-21,2023-01-21,0,Umoja,19,KCA004
100,CRM008,Grace shop,INV10185,1/22/23,2023-01-23,2023-01-24,1,Umoja,19,KCA004
101,CRM008,Grace shop,INV10195,1/23/23,2023-01-24,2023-01-24,0,Umoja,19,KCA004
102,CRM008,Grace shop,INV10205,1/24/23,2023-01-25,2023-01-26,1,Umoja,19,KCA004
103,CRM008,Grace shop,INV10216,1/25/23,2023-01-26,2023-01-26,0,Umoja,19,KCA004
104,CRM008,Grace shop,INV10226,1/26/23,2023-01-27,2023-01-27,0,Umoja,19,KCA004
105,CRM008,Grace shop,INV10236,1/27/23,2023-01-28,2023-01-28,0,Umoja,19,KCA004
106,CRM008,Grace shop,INV10246,1/29/23,2023-01-30,2023-01-31,1,Umoja,19,KCA004
107,CRM008,Grace shop,INV10256,1/30/23,2023-01-31,2023-01-31,0,Umoja,19,KCA004
108,CRM008,Grace shop,INV10266,1/31/23,2023-02-01,2023-02-01,0,Umoja,19,KCA004
109,CRM010,Green shop,INV10009,1/1/23,2023-01-02,2023-01-02,0,Umoja,6,KCA005
110,CRM010,Green shop,INV10018,1/2/23,2023-01-03,2023-01-04,1,Umoja,6,KCA005
111,CRM010,Green shop,INV10029,1/3/23,2023-01-04,2023-01-04,0,Umoja,6,KCA005
112,CRM010,Green shop,INV10039,1/4/23,2023-01-05,2023-01-05,0,Umoja,6,KCA005
113,CRM010,Green shop,INV10049,1/5/23,2023-01-06,2023-01-06,0,Umoja,6,KCA005
114,CRM010,Green shop,INV10059,1/6/23,2023-01-07,2023-01-07,0,Umoja,6,KCA005
115,CRM010,Green shop,INV10069,1/8/23,2023-01-09,2023-01-10,1,Umoja,6,KCA005
116,CRM010,Green shop,INV10079,1/9/23,2023-01-10,2023-01-10,0,Umoja,6,KCA005
117,CRM010,Green shop,INV10089,1/10/23,2023-01-11,2023-01-11,0,Umoja,6,KCA005
118,CRM010,Green shop,INV10099,1/11/23,2023-01-12,2023-01-13,1,Umoja,6,KCA005
119,CRM010,Green shop,INV10109,1/12/23,2023-01-13,2023-01-13,0,Umoja,6,KCA005
120,CRM010,Green shop,INV10119,1/13/23,2023-01-14,2023-01-14,0,Umoja,6,KCA005
121,CRM010,Green shop,INV10129,1/15/23,2023-01-16,2023-01-16,0,Umoja,6,KCA005
122,CRM010,Green shop,INV10139,1/16/23,2023-01-17,2023-01-18,1,Umoja,6,KCA005
123,CRM010,Green shop,INV10149,1/17/23,2023-01-18,2023-01-18,0,Umoja,6,KCA005
124,CRM010,Green shop,INV10159,1/18/23,2023-01-19,2023-01-21,2,Umoja,6,KCA005
125,CRM010,Green shop,INV10169,1/19/23,2023-01-20,2023-01-21,1,Umoja,6,KCA005
126,CRM010,Green shop,INV10179,1/20/23,2023-01-21,2023-01-21,0,Umoja,6,KCA005
127,CRM010,Green shop,INV10189,1/22/23,2023-01-23,2023-01-23,0,Umoja,6,KCA005
128,CRM010,Green shop,INV10199,1/23/23,2023-01-24,2023-01-24,0,Umoja,6,KCA005
129,CRM010,Green shop,INV10209,1/24/23,2023-01-25,2023-01-25,0,Umoja,6,KCA005
130,CRM010,Green shop,INV10220,1/26/23,2023-01-27,2023-01-27,0,Umoja,6,KCA005
131,CRM010,Green shop,INV10230,1/27/23,2023-01-28,2023-01-28,0,Umoja,6,KCA005
132,CRM010,Green shop,INV10240,1/29/23,2023-01-30,2023-01-30,0,Umoja,6,KCA005
133,CRM010,Green shop,INV10250,1/30/23,2023-01-31,2023-01-31,0,Umoja,6,KCA005
134,CRM010,Green shop,INV10260,1/31/23,2023-02-01,2023-02-03,2,Umoja,6,KCA005
135,CRM002,Jane shop,INV10001,1/1/23,2023-01-02,2023-01-03,1,Tala,37,KCA006
136,CRM002,Jane shop,INV10019,1/2/23,2023-01-03,2023-01-03,0,Tala,37,KCA006
137,CRM002,Jane shop,INV10021,1/3/23,2023-01-04,2023-01-04,0,Tala,37,KCA006
138,CRM002,Jane shop,INV10031,1/4/23,2023-01-05,2023-01-06,1,Tala,37,KCA006
139,CRM002,Jane shop,INV10041,1/5/23,2023-01-06,2023-01-06,0,Tala,37,KCA006
140,CRM002,Jane shop,INV10051,1/6/23,2023-01-07,2023-01-07,0,Tala,37,KCA006
141,CRM002,Jane shop,INV10061,1/8/23,2023-01-09,2023-01-09,0,Tala,37,KCA006
142,CRM002,Jane shop,INV10071,1/9/23,2023-01-10,2023-01-10,0,Tala,37,KCA006
143,CRM002,Jane shop,INV10081,1/10/23,2023-01-11,2023-01-12,1,Tala,37,KCA006
144,CRM002,Jane shop,INV10091,1/11/23,2023-01-12,2023-01-12,0,Tala,37,KCA006
145,CRM002,Jane shop,INV10110,1/13/23,2023-01-14,2023-01-14,0,Tala,37,KCA006
146,CRM002,Jane shop,INV10120,1/15/23,2023-01-16,2023-01-18,2,Tala,37,KCA006
147,CRM002,Jane shop,INV10130,1/16/23,2023-01-17,2023-01-18,1,Tala,37,KCA006
148,CRM002,Jane shop,INV10140,1/17/23,2023-01-18,2023-01-18,0,Tala,37,KCA006
149,CRM002,Jane shop,INV10150,1/18/23,2023-01-19,2023-01-20,1,Tala,37,KCA006
150,CRM002,Jane shop,INV10160,1/19/23,2023-01-20,2023-01-20,0,Tala,37,KCA006
151,CRM002,Jane shop,INV10170,1/20/23,2023-01-21,2023-01-21,0,Tala,37,KCA006
152,CRM002,Jane shop,INV10180,1/22/23,2023-01-23,2023-01-23,0,Tala,37,KCA006
153,CRM002,Jane shop,INV10190,1/23/23,2023-01-24,2023-01-25,1,Tala,37,KCA006
154,CRM002,Jane shop,INV10200,1/24/23,2023-01-25,2023-01-25,0,Tala,37,KCA006
155,CRM002,Jane shop,INV10210,1/25/23,2023-01-26,2023-01-26,0,Tala,37,KCA006
156,CRM002,Jane shop,INV10211,1/25/23,2023-01-26,2023-01-26,0,Tala,37,KCA006
157,CRM002,Jane shop,INV10221,1/26/23,2023-01-27,2023-01-28,1,Tala,37,KCA006
158,CRM002,Jane shop,INV10231,1/27/23,2023-01-28,2023-01-28,0,Tala,37,KCA006
159,CRM002,Jane shop,INV10241,1/29/23,2023-01-30,2023-01-30,0,Tala,37,KCA006
160,CRM002,Jane shop,INV10251,1/30/23,2023-01-31,2023-02-01,1,Tala,37,KCA006
161,CRM002,Jane shop,INV10261,1/31/23,2023-02-01,2023-02-01,0,Tala,37,KCA006
162,CRM006,John shop,INV10005,1/1/23,2023-01-02,2023-01-04,2,Tala,35,KCA007
163,CRM006,John shop,INV10016,1/2/23,2023-01-03,2023-01-04,1,Tala,35,KCA007
164,CRM006,John shop,INV10025,1/3/23,2023-01-04,2023-01-04,0,Tala,35,KCA007
165,CRM006,John shop,INV10035,1/4/23,2023-01-05,2023-01-05,0,Tala,35,KCA007
166,CRM006,John shop,INV10045,1/5/23,2023-01-06,2023-01-06,0,Tala,35,KCA007
167,CRM006,John shop,INV10055,1/6/23,2023-01-07,2023-01-07,0,Tala,35,KCA007
168,CRM006,John shop,INV10065,1/8/23,2023-01-09,2023-01-09,0,Tala,35,KCA007
169,CRM006,John shop,INV10075,1/9/23,2023-01-10,2023-01-10,0,Tala,35,KCA007
170,CRM006,John shop,INV10085,1/10/23,2023-01-11,2023-01-11,0,Tala,35,KCA007
171,CRM006,John shop,INV10095,1/11/23,2023-01-12,2023-01-14,2,Tala,35,KCA007
172,CRM006,John shop,INV10107,1/12/23,2023-01-13,2023-01-14,1,Tala,35,KCA007
173,CRM006,John shop,INV10117,1/13/23,2023-01-14,2023-01-14,0,Tala,35,KCA007
174,CRM006,John shop,INV10127,1/15/23,2023-01-16,2023-01-16,0,Tala,35,KCA007
175,CRM006,John shop,INV10137,1/16/23,2023-01-17,2023-01-17,0,Tala,35,KCA007
176,CRM006,John shop,INV10147,1/17/23,2023-01-18,2023-01-18,0,Tala,35,KCA007
177,CRM006,John shop,INV10157,1/18/23,2023-01-19,2023-01-20,1,Tala,35,KCA007
178,CRM006,John shop,INV10167,1/19/23,2023-01-20,2023-01-20,0,Tala,35,KCA007
179,CRM006,John shop,INV10177,1/20/23,2023-01-21,2023-01-21,0,Tala,35,KCA007
180,CRM006,John shop,INV10187,1/22/23,2023-01-23,2023-01-23,0,Tala,35,KCA007
181,CRM006,John shop,INV10197,1/23/23,2023-01-24,2023-01-25,1,Tala,35,KCA007
182,CRM006,John shop,INV10207,1/24/23,2023-01-25,2023-01-25,0,Tala,35,KCA007
183,CRM006,John shop,INV10218,1/25/23,2023-01-26,2023-01-26,0,Tala,35,KCA007
184,CRM006,John shop,INV10228,1/26/23,2023-01-27,2023-01-28,1,Tala,35,KCA007
185,CRM006,John shop,INV10238,1/27/23,2023-01-28,2023-01-28,0,Tala,35,KCA007
186,CRM006,John shop,INV10248,1/29/23,2023-01-30,2023-01-30,0,Tala,35,KCA007
187,CRM006,John shop,INV10258,1/30/23,2023-01-31,2023-02-01,1,Tala,35,KCA007
188,CRM006,John shop,INV10268,1/31/23,2023-02-01,2023-02-01,0,Tala,35,KCA007
189,CRM003,Sarah shop,INV10002,1/1/23,2023-01-02,2023-01-02,0,Kitengela,30,KCA008
190,CRM003,Sarah shop,INV10013,1/2/23,2023-01-03,2023-01-03,0,Kitengela,30,KCA008
191,CRM003,Sarah shop,INV10022,1/3/23,2023-01-04,2023-01-04,0,Kitengela,30,KCA008
192,CRM003,Sarah shop,INV10032,1/4/23,2023-01-05,2023-01-05,0,Kitengela,30,KCA008
193,CRM003,Sarah shop,INV10042,1/5/23,2023-01-06,2023-01-06,0,Kitengela,30,KCA008
194,CRM003,Sarah shop,INV10052,1/6/23,2023-01-07,2023-01-07,0,Kitengela,30,KCA008
195,CRM003,Sarah shop,INV10062,1/8/23,2023-01-09,2023-01-09,0,Kitengela,30,KCA008
196,CRM003,Sarah shop,INV10072,1/9/23,2023-01-10,2023-01-10,0,Kitengela,30,KCA008
197,CRM003,Sarah shop,INV10082,1/10/23,2023-01-11,2023-01-11,0,Kitengela,30,KCA008
198,CRM003,Sarah shop,INV10092,1/11/23,2023-01-12,2023-01-12,0,Kitengela,30,KCA008
199,CRM003,Sarah shop,INV10104,1/12/23,2023-01-13,2023-01-13,0,Kitengela,30,KCA008
200,CRM003,Sarah shop,INV10114,1/13/23,2023-01-14,2023-01-14,0,Kitengela,30,KCA008
201,CRM003,Sarah shop,INV10124,1/15/23,2023-01-16,2023-01-16,0,Kitengela,30,KCA008
202,CRM003,Sarah shop,INV10134,1/16/23,2023-01-17,2023-01-17,0,Kitengela,30,KCA008
203,CRM003,Sarah shop,INV10144,1/17/23,2023-01-18,2023-01-18,0,Kitengela,30,KCA008
204,CRM003,Sarah shop,INV10154,1/18/23,2023-01-19,2023-01-19,0,Kitengela,30,KCA008
205,CRM003,Sarah shop,INV10164,1/19/23,2023-01-20,2023-01-20,0,Kitengela,30,KCA008
206,CRM003,Sarah shop,INV10174,1/20/23,2023-01-21,2023-01-21,0,Kitengela,30,KCA008
207,CRM003,Sarah shop,INV10184,1/22/23,2023-01-23,2023-01-24,1,Kitengela,30,KCA008
208,CRM003,Sarah shop,INV10194,1/23/23,2023-01-24,2023-01-24,0,Kitengela,30,KCA008
209,CRM003,Sarah shop,INV10204,1/24/23,2023-01-25,2023-01-25,0,Kitengela,30,KCA008
210,CRM003,Sarah shop,INV10215,1/25/23,2023-01-26,2023-01-26,0,Kitengela,30,KCA008
211,CRM003,Sarah shop,INV10225,1/26/23,2023-01-27,2023-01-27,0,Kitengela,30,KCA008
212,CRM003,Sarah shop,INV10235,1/27/23,2023-01-28,2023-01-28,0,Kitengela,30,KCA008
213,CRM003,Sarah shop,INV10245,1/29/23,2023-01-30,2023-01-30,0,Kitengela,30,KCA008
214,CRM003,Sarah shop,INV10255,1/30/23,2023-01-31,2023-01-31,0,Kitengela,30,KCA008
215,CRM003,Sarah shop,INV10265,1/31/23,2023-02-01,2023-02-01,0,Kitengela,30,KCA008
216,CRM001,Tom shop,INV10000,1/1/23,2023-01-02,2023-01-02,0,Umoja,20,KCA009
217,CRM001,Tom shop,INV10011,1/2/23,2023-01-03,2023-01-03,0,Umoja,20,KCA009
218,CRM001,Tom shop,INV10020,1/3/23,2023-01-04,2023-01-04,0,Umoja,20,KCA009
219,CRM001,Tom shop,INV10030,1/4/23,2023-01-05,2023-01-05,0,Umoja,20,KCA009
220,CRM001,Tom shop,INV10040,1/5/23,2023-01-06,2023-01-06,0,Umoja,20,KCA009
221,CRM001,Tom shop,INV10050,1/6/23,2023-01-07,2023-01-07,0,Umoja,20,KCA009
222,CRM001,Tom shop,INV10060,1/8/23,2023-01-09,2023-01-09,0,Umoja,20,KCA009
223,CRM001,Tom shop,INV10070,1/9/23,2023-01-10,2023-01-10,0,Umoja,20,KCA009
224,CRM001,Tom shop,INV10080,1/10/23,2023-01-11,2023-01-11,0,Umoja,20,KCA009
225,CRM001,Tom shop,INV10090,1/11/23,2023-01-12,2023-01-12,0,Umoja,20,KCA009
226,CRM001,Tom shop,INV10102,1/12/23,2023-01-13,2023-01-13,0,Umoja,20,KCA009
227,CRM001,Tom shop,INV10112,1/13/23,2023-01-14,2023-01-14,0,Umoja,20,KCA009
228,CRM001,Tom shop,INV10122,1/15/23,2023-01-16,2023-01-16,0,Umoja,20,KCA009
229,CRM001,Tom shop,INV10132,1/16/23,2023-01-17,2023-01-17,0,Umoja,20,KCA009
230,CRM001,Tom shop,INV10142,1/17/23,2023-01-18,2023-01-18,0,Umoja,20,KCA009
231,CRM001,Tom shop,INV10152,1/18/23,2023-01-19,2023-01-19,0,Umoja,20,KCA009
232,CRM001,Tom shop,INV10162,1/19/23,2023-01-20,2023-01-20,0,Umoja,20,KCA009
233,CRM001,Tom shop,INV10172,1/20/23,2023-01-21,2023-01-21,0,Umoja,20,KCA009
234,CRM001,Tom shop,INV10182,1/22/23,2023-01-23,2023-01-23,0,Umoja,20,KCA009
235,CRM001,Tom shop,INV10192,1/23/23,2023-01-24,2023-01-24,0,Umoja,20,KCA009
236,CRM001,Tom shop,INV10202,1/24/23,2023-01-25,2023-01-25,0,Umoja,20,KCA009
237,CRM001,Tom shop,INV10213,1/25/23,2023-01-26,2023-01-26,0,Umoja,20,KCA009
238,CRM001,Tom shop,INV10223,1/26/23,2023-01-27,2023-01-27,0,Umoja,20,KCA009
239,CRM001,Tom shop,INV10233,1/27/23,2023-01-28,2023-01-28,0,Umoja,20,KCA009
240,CRM001,Tom shop,INV10243,1/29/23,2023-01-30,2023-01-30,0,Umoja,20,KCA009
241,CRM001,Tom shop,INV10253,1/30/23,2023-01-31,2023-01-31,0,Umoja,20,KCA009
242,CRM001,Tom shop,INV10263,1/31/23,2023-02-01,2023-02-01,0,Umoja,20,KCA009
243,CRM004,Willy shop,INV10003,1/1/23,2023-01-02,2023-01-02,0,Eastleigh,15,KCA010
244,CRM004,Willy shop,INV10015,1/2/23,2023-01-03,2023-01-03,0,Eastleigh,15,KCA010
245,CRM004,Willy shop,INV10023,1/3/23,2023-01-04,2023-01-04,0,Eastleigh,15,KCA010
246,CRM004,Willy shop,INV10033,1/4/23,2023-01-05,2023-01-05,0,Eastleigh,15,KCA010
247,CRM004,Willy shop,INV10043,1/5/23,2023-01-06,2023-01-06,0,Eastleigh,15,KCA010
248,CRM004,Willy shop,INV10053,1/6/23,2023-01-07,2023-01-07,0,Eastleigh,15,KCA010
249,CRM004,Willy shop,INV10063,1/8/23,2023-01-09,2023-01-09,0,Eastleigh,15,KCA010
250,CRM004,Willy shop,INV10073,1/9/23,2023-01-10,2023-01-10,0,Eastleigh,15,KCA010
251,CRM004,Willy shop,INV10083,1/10/23,2023-01-11,2023-01-11,0,Eastleigh,15,KCA010
252,CRM004,Willy shop,INV10093,1/11/23,2023-01-12,2023-01-12,0,Eastleigh,15,KCA010
253,CRM004,Willy shop,INV10106,1/12/23,2023-01-13,2023-01-13,0,Eastleigh,15,KCA010
254,CRM004,Willy shop,INV10116,1/13/23,2023-01-14,2023-01-14,0,Eastleigh,15,KCA010
255,CRM004,Willy shop,INV10126,1/15/23,2023-01-16,2023-01-18,2,Eastleigh,15,KCA010
256,CRM004,Willy shop,INV10136,1/16/23,2023-01-17,2023-01-18,1,Eastleigh,15,KCA010
257,CRM004,Willy shop,INV10146,1/17/23,2023-01-18,2023-01-18,0,Eastleigh,15,KCA010
258,CRM004,Willy shop,INV10156,1/18/23,2023-01-19,2023-01-19,0,Eastleigh,15,KCA010
259,CRM004,Willy shop,INV10166,1/19/23,2023-01-20,2023-01-20,0,Eastleigh,15,KCA010
260,CRM004,Willy shop,INV10176,1/20/23,2023-01-21,2023-01-21,0,Eastleigh,15,KCA010
261,CRM004,Willy shop,INV10186,1/22/23,2023-01-23,2023-01-23,0,Eastleigh,15,KCA010
262,CRM004,Willy shop,INV10196,1/23/23,2023-01-24,2023-01-24,0,Eastleigh,15,KCA010
263,CRM004,Willy shop,INV10206,1/24/23,2023-01-25,2023-01-25,0,Eastleigh,15,KCA010
264,CRM004,Willy shop,INV10217,1/25/23,2023-01-26,2023-01-27,1,Eastleigh,15,KCA010
265,CRM004,Willy shop,INV10227,1/26/23,2023-01-27,2023-01-27,0,Eastleigh,15,KCA010
266,CRM004,Willy shop,INV10237,1/27/23,2023-01-28,2023-01-28,0,Eastleigh,15,KCA010
267,CRM004,Willy shop,INV10247,1/29/23,2023-01-30,2023-02-01,2,Eastleigh,15,KCA010
268,CRM004,Willy shop,INV10257,1/30/23,2023-01-31,2023-02-01,1,Eastleigh,15,KCA010
269,CRM004,Willy shop,INV10267,1/31/23,2023-02-01,2023-02-01,0,Eastleigh,15,KCA010
